Name,War,G,GS,GR,GF,CG,SHO,W,L,S,HD,IP,ER,R,Rra,TBF,H,2B,3B,HR,BB,HP,IB,SO,ROE,BK,wild pitch,ERA,RA9,rRA9,rRA9pf,FIP,WHIP,K/9,BB/9,K/BB,HR/9,K%,BB%,K-BB%,BABIP,LOB,xFIP,kwERA,ERA-FIP,ERA-,rRA9-,FIP-,AVG,OBP,SLG,OPS,NP,P/G,P/IP,P/PA,QS,QS%,QS+,QS+%,QH,TL,CW,RS,RS9,start W,start L,W%,start BW,start BL,strat BQ,start BQS,start BQS%,IP/GS,P/GS,AGS,starter waa,starter war,2time,3time,plus 1,SV,HD,BLSV,BLHD,BL+,save%,TS,TH,TBS,TBH,SD,MD,IR,IRS,IRS%,BQ,BQS,BQS%,IP/GR,P/GR,gmLI,closer war,BABIP,BIP,GB%,ifFB%,ofFB%,FB%,LD%,GB/FB,HR/FB%,if1B%
윌커슨,6.81,32,32,0,1,1,1,12,8,0,0,196.2,84,90,88.8,816,210,37,3,18,27,2,0,167,13,0,3,3.84,4.12,4.06,3.91,3.62,1.21,7.64,1.24,6.19,0.82,20.5,3.3,17.2,0.321,69.6,2.65,3.34,0.22,74.07,68.26,70.93,0.27,0.294,0.394,0.688,3124,97.6,15.9,3.83,18,56.3,9,28.1,3,0,0,118,5.4,18,13,58.1,0,0,10,2,20,6.15,97.63,52.81,3.32,6.81,0,0,0,0,0,0,0,0,,0,0,0,0,11,11,0,0,,10,2,20,,,,,0.321,599,41.6,8.1,47.3,55.3,3.1,0.8,5.2,7.1
반즈,6.43,25,25,0,0,0,0,9,6,0,0,150.2,56,59,55.9,624,140,17,4,18,46,5,0,171,8,0,6,3.35,3.52,3.34,3.18,3.83,1.23,10.22,2.75,3.72,1.08,27.4,7.4,20,0.322,79.5,2.49,3,-0.49,64.45,55.61,75.05,0.248,0.309,0.388,0.697,2396,95.8,15.9,3.84,17,68,8,32,2,0,0,79,4.7,13,12,52,0,0,12,5,41.7,6.03,95.84,56.68,3.75,6.43,0,0,0,0,0,0,0,0,,0,0,0,0,13,7,0,0,,12,5,41.7,,,,,0.322,379,52.7,5,38.3,43.3,4,1.2,10.3,7.1
박세웅,4.06,30,30,0,0,0,0,6,11,0,0,173.1,92,103,97.65,759,188,33,0,13,56,11,0,124,12,0,10,4.78,5.35,5.07,4.97,4.5,1.41,6.44,2.91,2.21,0.68,16.3,7.4,9,0.317,64.1,3.71,4.32,0.28,92.04,86.84,88.15,0.275,0.337,0.38,0.717,2926,97.5,16.9,3.86,14,46.7,5,16.7,2,0,0,84,4.4,11,18,37.9,0,0,18,11,61.1,5.78,97.53,47.27,0.98,4.06,0,0,0,0,0,0,0,0,,0,0,0,0,12,14,0,0,,18,11,61.1,,,,,0.317,552,51.6,4.6,40.8,45.4,3,1.1,5,5.9
김원중,2.44,56,0,56,42,0,0,3,6,25,0,63.1,25,27,28.5,277,59,8,0,4,31,1,7,68,2,0,5,3.55,3.84,4.05,3.85,3.64,1.42,9.66,4.41,2.19,0.57,24.5,11.2,13.4,0.324,75.3,2.97,3.8,-0.08,68.45,67.24,71.22,0.25,0.332,0.335,0.667,1136,20.3,17.9,4.1,0,,0,,0,0,0,14,,0,0,,0,0,4,1,25,,,,,,10,1,19,25,0,6,1,7,78.1,1,0,3,0,28,12,20,4,20,4,1,25,1.13,20.29,1.95,2.44,0.324,170,49.7,5.1,43.5,48.6,1.7,1,4.7,8.5
김진욱,2.02,19,18,1,0,0,0,4,3,0,0,84.2,50,54,49.85,388,89,21,3,13,44,3,0,87,6,0,5,5.31,5.74,5.3,5.04,5.18,1.57,9.25,4.68,1.98,1.38,22.4,11.3,11.1,0.319,69.5,3.46,4.07,0.14,102.41,87.99,101.4,0.264,0.353,0.46,0.813,1630,85.8,19.3,4.2,3,16.7,0,0,8,0,0,75,8,8,10,44.4,0,0,20,8,40,4.7,89.78,46.89,0.51,2.02,0,0,0,0,0,0,0,0,,0,0,0,0,6,8,0,0,,20,8,40,0,14,0.16,,0.319,238,43.7,5.9,48,53.9,2.4,0.8,9.5,3.4
한현희,1.58,57,5,52,5,0,0,5,3,0,8,76.1,44,45,44.45,342,92,18,1,7,24,10,1,70,3,0,4,5.19,5.31,5.24,4.97,4.38,1.52,8.25,2.83,2.92,0.83,20.5,7,13.5,0.371,69.8,3.38,3.79,0.81,99.96,86.79,85.74,0.305,0.371,0.44,0.811,1321,23.2,17.3,3.86,1,20,0,0,2,0,0,49,16.7,2,3,40,0,0,39,18,46.2,5.27,84,47.4,0.16,0.63,14,0,17,0,8,1,1,2,80,0,3,1,0,7,12,48,18,37.5,39,18,46.2,0.96,17.33,1.06,0.95,0.371,229,49.6,2.9,43.3,46.2,4.2,1.1,6.4,7.6
박진,1.12,38,3,35,11,0,0,2,4,1,0,49.1,24,28,27.65,214,60,9,1,4,11,2,0,35,0,0,4,4.38,5.11,5.04,4.72,4.21,1.44,6.39,2.01,3.18,0.73,16.4,5.1,11.2,0.352,67.2,3.38,4.05,0.17,84.36,82.42,82.38,0.311,0.346,0.43,0.776,802,21.1,16.3,3.75,1,33.3,0,0,2,0,0,34,23.5,3,0,100,0,0,14,7,50,4.33,68.33,53,0.38,0.61,11,2,8,1,0,0,0,0,100,0,0,0,0,7,5,26,9,34.6,14,7,50,1.04,17.06,0.66,0.5,0.352,159,36.1,4.2,59,63.3,0.6,0.6,3.8,8.3
김상수,1.12,74,0,74,10,0,0,8,4,2,17,73.2,34,40,45.4,322,71,11,1,5,26,5,2,56,6,1,6,4.15,4.89,5.55,5.38,4.33,1.32,6.84,3.18,2.15,0.61,17.4,8.1,9.3,0.297,65.3,3.61,4.28,-0.17,80.04,93.99,84.72,0.255,0.325,0.356,0.681,1186,16,16.1,3.68,0,,0,,0,0,0,76,,0,0,,0,0,35,13,37.1,,,,,,23,1,25,2,17,3,1,4,82.6,0,3,0,1,20,18,58,22,37.9,35,13,37.1,1,16.03,1.27,1.12,0.297,222,54,3,40.4,43.4,2.6,1.2,4.9,14.1
정현수,0.83,18,4,14,0,0,0,1,1,0,1,23.2,12,12,10.75,104,20,7,0,0,12,2,0,25,1,0,0,4.56,4.56,4.09,3.85,3.39,1.35,9.51,4.56,2.08,0,24,11.5,12.5,0.328,64.7,3.49,3.9,1.17,87.93,67.25,66.42,0.235,0.34,0.318,0.658,425,23.6,18,4.09,0,0,0,0,4,0,0,19,14.3,3,1,75,0,0,10,5,50,3,64.5,47.75,0.15,0.36,5,2,3,0,1,1,0,1,50,0,1,1,0,4,3,18,2,11.1,10,5,50,0.83,11.93,1.46,0.47,0.328,61,41.5,9.2,44.6,53.8,4.6,0.8,0,0
김강현,0.53,26,0,26,10,0,0,0,0,0,0,25.1,10,13,13.7,123,28,4,0,2,18,2,1,24,3,0,3,3.55,4.62,4.87,4.54,5.1,1.82,8.53,6.4,1.33,0.71,19.5,14.6,4.9,0.342,77.8,4.25,4.81,-1.54,68.45,79.28,99.77,0.275,0.393,0.373,0.766,497,19.1,19.6,4.04,0,,0,,0,0,0,17,,0,0,,0,0,10,3,30,,,,,,7,1,7,0,0,1,0,1,0,0,0,1,0,0,3,14,5,35.7,10,3,30,0.97,19.12,0.48,0.53,0.342,76,49.4,1.3,46.8,48.1,2.5,1,5.3,3.6
전미르,0.42,36,0,36,6,0,0,1,5,1,5,33.2,22,28,22.5,155,33,10,0,4,21,1,2,34,4,0,3,5.88,7.49,6.01,5.62,5.02,1.6,9.09,5.61,1.62,1.07,21.9,13.5,8.4,0.315,55.1,3.7,4.39,0.86,113.32,98.23,98.34,0.256,0.362,0.426,0.788,619,17.2,18.4,3.99,0,,0,,0,0,0,23,,0,0,,0,0,21,14,66.7,,,,,,11,1,9,1,5,5,0,5,54.5,0,1,1,0,8,9,16,4,25,21,14,66.7,0.94,17.19,0.97,0.42,0.315,92,52.5,2,43.4,45.5,2,1.2,8.9,0
박진형,0.21,7,0,7,0,0,0,0,0,0,0,6.1,3,3,2.65,24,6,1,0,0,1,1,0,4,0,0,1,4.26,4.26,3.77,3.76,3.6,1.11,5.68,1.42,4,0,16.7,4.2,12.5,0.353,62.5,3.7,3.9,0.66,82.14,65.74,70.48,0.286,0.348,0.333,0.681,95,13.6,15,3.96,0,,0,,0,0,0,0,,0,0,,0,0,4,3,75,,,,,,1,0,1,0,0,0,0,0,,0,0,0,0,2,0,8,3,37.5,4,3,75,0.9,13.57,1.17,0.21,0.353,17,44.4,5.6,50,55.6,0,0.8,0,16.7
구승민,0.19,66,0,66,7,0,0,5,3,0,13,57.2,31,37,42.7,279,68,10,0,6,35,6,1,62,5,0,7,4.84,5.77,6.66,6.44,4.9,1.79,9.68,5.46,1.77,0.94,22.2,12.5,9.7,0.371,71.3,3.76,4.24,-0.06,93.22,112.51,95.94,0.293,0.395,0.414,0.809,1138,17.2,19.7,4.08,0,,0,,0,0,0,47,,0,0,,0,0,35,11,31.4,,,,,,19,2,16,0,13,2,1,3,81.3,0,2,1,0,11,18,46,21,45.7,35,11,31.4,0.87,17.24,1.2,0.19,0.371,167,48.9,6.3,41.5,47.7,3.4,1,7.1,10.3
최준용,0.17,27,0,27,4,0,0,1,2,0,3,21.2,13,13,15.55,105,28,2,1,2,14,1,1,12,1,0,1,5.4,5.4,6.46,6.02,5.92,1.94,4.99,5.82,0.86,0.83,11.4,13.3,-1.9,0.351,75,4.96,5.63,-0.52,104.05,105.17,115.85,0.322,0.417,0.437,0.854,431,16,19.9,4.1,0,,0,,0,0,0,15,,0,0,,0,0,17,3,17.6,,,,,,7,1,4,0,3,4,1,5,37.5,0,0,3,0,8,7,14,8,57.1,17,3,17.6,0.8,15.96,1.4,0.17,0.351,74,38.5,5.1,55.1,60.3,1.3,0.6,4.3,3.6
이민석,0.07,18,5,13,5,0,0,0,2,0,1,31,25,27,25.6,153,38,5,3,3,25,2,0,20,1,0,1,7.26,7.84,7.43,7.14,6.44,2.03,5.81,7.26,0.8,0.87,13.1,16.3,-3.3,0.34,62.3,5.39,5.79,0.82,139.85,124.8,126.06,0.302,0.425,0.46,0.885,627,34.8,20.2,4.1,0,0,0,0,4,0,0,16,10,2,2,50,0,0,16,4,25,2.87,65,41.2,-0.28,-0.03,2,0,6,0,1,0,0,0,100,0,0,0,0,1,6,6,2,33.3,16,4,25,1.28,23.23,0.45,0.1,0.34,103,46.2,6.6,40.6,47.2,6.6,1,6,2.6
임준섭,0.06,24,0,24,2,0,0,0,0,0,2,11.1,10,11,8.95,56,12,2,1,0,11,3,0,3,0,0,0,7.94,8.74,7.11,6.62,7.37,2.03,2.38,8.74,0.27,0,5.4,19.6,-14.3,0.308,57.7,7.45,7.11,0.57,153.01,115.6,144.25,0.286,0.464,0.381,0.845,233,9.7,20.6,4.16,0,,0,,0,0,0,4,,0,0,,0,0,15,9,60,,,,,,7,1,2,0,2,0,1,1,66.7,0,0,0,1,1,2,17,5,29.4,15,9,60,0.47,9.71,0.55,0.06,0.308,39,51.3,2.6,35.9,38.5,10.3,1.3,0,8.3
진승현,0.03,7,0,7,3,0,0,0,1,0,0,6.1,6,6,5,32,7,3,0,0,5,0,0,5,2,0,0,8.53,8.53,7.11,6.48,4.67,1.89,7.11,7.11,1,0,15.6,15.6,0,0.318,50,4.82,5.4,3.85,164.29,113.18,91.5,0.259,0.375,0.37,0.745,109,15.6,17.2,3.41,0,,0,,0,0,0,2,,0,0,,0,0,7,5,71.4,,,,,,1,0,3,0,0,0,0,0,,0,0,0,0,0,1,7,3,42.9,7,5,71.4,0.9,15.57,0.66,0.03,0.318,22,36.4,13.6,50,63.6,0,0.6,0,0
정우준,0.03,8,0,8,5,0,0,0,0,0,0,8.1,4,4,6.6,40,10,2,0,2,7,0,0,5,0,0,0,4.32,4.32,7.13,6.76,8.16,2.04,5.4,7.56,0.71,2.16,12.5,17.5,-5,0.308,92.9,5.42,6,-3.84,83.24,118.16,159.77,0.303,0.425,0.545,0.97,145,18.1,17.4,3.63,0,,0,,0,0,0,1,,0,0,,0,0,2,1,50,,,,,,2,1,2,0,0,0,0,0,,0,0,0,0,0,2,6,5,83.3,2,1,50,1.04,18.13,0.58,0.03,0.308,26,46.4,0,53.6,53.6,0,0.9,13.3,0
박준우,-0.01,2,0,2,2,0,0,0,0,0,0,2,2,2,2,10,3,1,0,0,1,0,0,1,0,0,0,9,9,9,9.03,4.5,2,4.5,4.5,1,0,10,10,0,0.375,50,4.6,5.4,4.5,173.41,157.77,88.1,0.333,0.4,0.444,0.844,32,16,16,3.2,0,,0,,0,0,0,2,,0,0,,0,0,0,0,,,,,,,0,0,0,0,0,0,0,0,,0,0,0,0,0,0,0,0,,0,0,,1,16,0.01,-0.01,0.375,8,50,0,37.5,37.5,12.5,1.3,0,0
우강훈,-0.01,1,0,1,0,0,0,0,0,0,0,0,1,1,0.65,3,0,0,0,0,2,1,0,0,0,0,0,99.99,99.99,23,21.79,9304.2,99.99,,,0,,0,66.7,-66.7,,66.7,9304.2,13.4,-9204.21,1926.61,380.7,182187,,1,,,13,13,,4.33,0,,0,,0,0,0,0,,0,0,,0,0,3,1,33.3,,,,,,0,0,0,0,0,0,0,0,,0,0,0,0,0,0,0,0,,3,1,33.3,0,13,0.02,-0.01,,0,,,,,,,,
김도규,-0.03,5,0,5,3,0,0,0,1,0,0,4,4,4,3.3,25,5,1,0,0,6,2,1,5,0,1,0,9,9,7.43,8.06,7.27,2.75,11.25,13.5,0.83,0,20,24,-4,0.417,69.2,7.41,5.88,1.73,173.41,140.89,142.44,0.333,0.52,0.4,0.92,92,18.4,23,3.68,0,,0,,0,0,0,3,,0,0,,0,0,2,1,50,,,,,,0,0,0,0,0,0,0,0,,0,0,0,0,0,2,0,0,,2,1,50,0.8,18.4,0.61,-0.03,0.417,12,25,0,66.7,66.7,8.3,0.4,0,0
홍민기,-0.06,3,1,2,0,0,0,0,0,0,0,3.2,5,7,5.15,24,8,3,0,0,1,2,0,2,2,0,3,12.27,17.18,12.64,11.95,5.37,2.45,4.91,2.46,2,0,8.3,4.2,4.2,0.421,36.4,5.55,4.9,6.9,236.47,208.78,105.19,0.381,0.458,0.524,0.982,99,33,27,4.13,0,0,0,0,1,0,0,3,10.1,0,1,0,0,0,6,3,50,2.67,59,43,-0.01,0.04,0,0,0,0,0,0,0,0,,0,0,0,0,0,1,1,0,0,6,3,50,0.5,20,0.02,-0.1,0.421,19,47.4,5.3,47.4,52.6,0,0.9,0,25
진해수,-0.17,54,0,54,3,0,0,2,1,0,5,27.2,19,21,23.55,128,36,3,0,5,10,3,1,22,0,0,2,6.18,6.83,7.66,7.29,5.82,1.66,7.16,3.25,2.2,1.63,17.2,7.8,9.4,0.352,66.7,3.76,4.28,0.36,119.09,127.36,113.93,0.316,0.383,0.474,0.857,471,8.7,17,3.68,0,,0,,0,0,0,19,,0,0,,0,0,27,11,40.7,,,,,,21,5,4,0,5,2,2,4,55.6,0,0,2,2,9,9,46,16,34.8,27,11,40.7,0.51,8.72,1.2,-0.17,0.352,88,55.9,1.1,40.9,41.9,2.2,1.3,12.8,5.6
윤성빈,-0.21,1,1,0,0,0,0,0,1,0,0,1,5,5,4.3,9,4,1,0,1,2,0,0,1,0,0,0,45,45,38.7,36.04,19.8,6,9,18,0.5,9,11.1,22.2,-11.1,0.6,20,8.29,6.73,25.2,867.06,629.65,387.69,0.571,0.667,1.143,1.81,35,35,35,3.89,0,0,0,0,0,0,0,4,36,0,1,0,0,0,1,1,100,1,35,24,-0.23,-0.21,0,0,0,0,0,0,0,0,,0,0,0,0,0,1,0,0,,1,1,100,,,,,0.6,5,0,0,100,100,0,0,16.7,0
현도훈,-0.3,8,0,8,5,0,0,0,1,0,0,10,10,11,12.05,50,15,3,1,2,6,0,0,8,2,0,1,9,9.9,10.85,9.99,6.44,2.1,7.2,5.4,1.33,1.8,16,12,4,0.382,55.6,4.16,4.92,2.56,173.41,174.49,126.09,0.341,0.42,0.591,1.011,193,24.1,19.3,3.86,0,,0,,0,0,0,8,,0,0,,0,0,3,1,33.3,,,,,,2,0,2,0,0,1,0,1,0,0,0,1,0,0,1,5,2,40,3,1,33.3,1.25,24.13,0.91,-0.3,0.382,34,52.8,0,41.7,41.7,5.6,1.3,13.3,0
이인복,-0.31,8,6,2,1,0,0,0,3,0,0,33,35,35,36.05,159,49,14,0,10,13,3,0,20,1,0,4,9.55,9.55,9.83,9.35,7.79,1.88,5.46,3.55,1.54,2.73,12.6,8.2,4.4,0.348,58.8,4.31,4.87,1.75,183.92,163.29,152.6,0.358,0.411,0.679,1.09,580,72.5,17.6,3.65,1,16.7,0,0,1,0,0,17,5.4,0,6,0,0,0,3,0,0,4.72,83.83,34.17,-0.6,-0.1,0,0,2,0,0,0,0,0,,0,0,0,0,0,5,2,2,100,3,0,0,2.33,38.5,0.17,-0.21,0.348,112,48,1.6,49.6,51.2,0.8,0.9,15.9,4.1
송재영,-0.36,19,0,19,4,0,0,0,1,1,3,8.1,10,10,10.4,40,9,3,0,2,5,1,0,9,0,1,1,10.8,10.8,11.23,10.38,6.59,1.68,9.72,5.4,1.8,2.16,22.5,12.5,10,0.333,41.7,3.84,4.2,4.21,208.1,181.43,128.99,0.29,0.395,0.581,0.976,162,8.5,19.4,4.05,0,,0,,0,0,0,4,,0,0,,0,0,8,4,50,,,,,,7,3,1,1,3,1,0,1,80,1,1,1,0,4,3,19,4,21.1,8,4,50,0.44,8.53,1.32,-0.36,0.333,21,40,0,56,56,4,0.7,14.3,0
나균안,-0.64,26,14,12,4,0,0,4,7,0,0,73,69,73,73.5,380,114,19,0,15,47,5,0,74,2,0,10,8.51,9,9.06,8.73,6.32,2.21,9.12,5.8,1.57,1.85,19.5,12.4,7.1,0.42,64.1,3.99,4.55,2.19,163.91,152.53,123.72,0.353,0.44,0.551,0.991,1491,57.3,20.4,3.92,2,14.3,0,0,1,0,0,47,7,6,7,46.2,0,0,13,6,46.2,4.33,89.79,33.5,-1.59,-0.51,1,0,6,0,0,0,0,0,,0,0,0,0,3,14,11,6,54.5,13,6,46.2,1.03,19.5,0.99,-0.13,0.42,236,43.7,6.3,46.1,52.4,3.9,0.8,11.3,5.3
최이준,-0.7,23,0,23,11,0,0,3,0,0,0,24.2,20,22,27.85,126,40,6,1,3,16,1,1,17,1,0,1,7.3,8.03,10.16,9.76,6.06,2.27,6.2,5.84,1.06,1.1,13.5,12.7,0.8,0.425,66,4.74,5.3,1.24,140.61,170.49,118.66,0.385,0.46,0.548,1.008,479,20.8,19.4,3.8,0,,0,,0,0,0,22,,0,0,,0,0,7,3,42.9,,,,,,5,1,8,0,0,0,1,1,0,0,0,0,0,3,4,26,13,50,7,3,42.9,1.07,20.83,0.96,-0.7,0.425,87,45.7,6.5,44.6,51.1,3.3,0.9,6.4,5
